warning: The `tool.uv.dev-dependencies` field (used in `pyproject.toml`) is deprecated and will be removed in a future release; use `dependency-groups.dev` instead
2015年の開催日を取得中...
# 2015年 金沢競馬 開催スケジュール
# 取得日: 2025-11-10
# ソース: NAR公式サイト (https://www.keiba.go.jp/KeibaWeb)

year: 2015
track_name: 金沢競馬場
track_code: '22'
url_templates:
  race_list: https://www.keiba.go.jp/KeibaWeb/TodayRaceInfo/RaceList?k_raceDate={date}&k_babaCode={track_code}
  deba_table: https://www.keiba.go.jp/KeibaWeb/TodayRaceInfo/DebaTable?k_raceDate={date}&k_raceNo={race_no}&k_babaCode={track_code}
  result: https://www.keiba.go.jp/KeibaWeb/TodayRaceInfo/RaceMarkTable?k_raceDate={date}&k_raceNo={race_no}&k_babaCode={track_code}
schedule:
- date: '2015-04-04'
  weekday: 土
- date: '2015-04-05'
  weekday: 日
- date: '2015-04-07'
  weekday: 火
- date: '2015-04-12'
  weekday: 日
- date: '2015-04-14'
  weekday: 火
- date: '2015-04-19'
  weekday: 日
- date: '2015-04-21'
  weekday: 火
- date: '2015-04-26'
  weekday: 日
- date: '2015-04-28'
  weekday: 火
- date: '2015-05-03'
  weekday: 日
- date: '2015-05-05'
  weekday: 火
- date: '2015-05-10'
  weekday: 日
- date: '2015-05-12'
  weekday: 火
- date: '2015-05-17'
  weekday: 日
- date: '2015-05-19'
  weekday: 火
- date: '2015-05-24'
  weekday: 日
- date: '2015-05-26'
  weekday: 火
- date: '2015-05-31'
  weekday: 日
- date: '2015-06-02'
  weekday: 火
- date: '2015-06-07'
  weekday: 日
- date: '2015-06-09'
  weekday: 火
- date: '2015-06-14'
  weekday: 日
- date: '2015-06-16'
  weekday: 火
- date: '2015-06-21'
  weekday: 日
- date: '2015-06-23'
  weekday: 火
- date: '2015-06-28'
  weekday: 日
- date: '2015-06-30'
  weekday: 火
- date: '2015-07-05'
  weekday: 日
- date: '2015-07-07'
  weekday: 火
- date: '2015-07-14'
  weekday: 火
- date: '2015-07-19'
  weekday: 日
- date: '2015-07-21'
  weekday: 火
- date: '2015-07-28'
  weekday: 火
- date: '2015-08-02'
  weekday: 日
- date: '2015-08-04'
  weekday: 火
- date: '2015-08-11'
  weekday: 火
- date: '2015-08-16'
  weekday: 日
- date: '2015-08-18'
  weekday: 火
- date: '2015-08-23'
  weekday: 日
- date: '2015-08-25'
  weekday: 火
- date: '2015-08-30'
  weekday: 日
- date: '2015-09-01'
  weekday: 火
- date: '2015-09-06'
  weekday: 日
- date: '2015-09-08'
  weekday: 火
- date: '2015-09-13'
  weekday: 日
- date: '2015-09-15'
  weekday: 火
- date: '2015-09-20'
  weekday: 日
- date: '2015-09-22'
  weekday: 火
- date: '2015-09-27'
  weekday: 日
- date: '2015-09-29'
  weekday: 火
- date: '2015-10-04'
  weekday: 日
- date: '2015-10-06'
  weekday: 火
- date: '2015-10-11'
  weekday: 日
- date: '2015-10-13'
  weekday: 火
- date: '2015-10-18'
  weekday: 日
- date: '2015-10-20'
  weekday: 火
- date: '2015-10-25'
  weekday: 日
- date: '2015-10-27'
  weekday: 火
- date: '2015-11-01'
  weekday: 日
- date: '2015-11-03'
  weekday: 火
- date: '2015-11-08'
  weekday: 日
- date: '2015-11-10'
  weekday: 火
- date: '2015-11-15'
  weekday: 日
- date: '2015-11-17'
  weekday: 火
- date: '2015-11-22'
  weekday: 日
- date: '2015-11-24'
  weekday: 火
- date: '2015-11-29'
  weekday: 日
statistics:
  total_days: 67
  by_month:
    april: 9
    may: 9
    june: 9
    july: 6
    august: 8
    september: 9
    october: 8
    november: 9
  by_weekday:
    monday: 0
    tuesday: 34
    wednesday: 0
    thursday: 0
    friday: 0
    saturday: 1
    sunday: 32

