warning: The `tool.uv.dev-dependencies` field (used in `pyproject.toml`) is deprecated and will be removed in a future release; use `dependency-groups.dev` instead
2016年の開催日を取得中...
# 2016年 金沢競馬 開催スケジュール
# 取得日: 2025-11-10
# ソース: NAR公式サイト (https://www.keiba.go.jp/KeibaWeb)

year: 2016
track_name: 金沢競馬場
track_code: '22'
url_templates:
  race_list: https://www.keiba.go.jp/KeibaWeb/TodayRaceInfo/RaceList?k_raceDate={date}&k_babaCode={track_code}
  deba_table: https://www.keiba.go.jp/KeibaWeb/TodayRaceInfo/DebaTable?k_raceDate={date}&k_raceNo={race_no}&k_babaCode={track_code}
  result: https://www.keiba.go.jp/KeibaWeb/TodayRaceInfo/RaceMarkTable?k_raceDate={date}&k_raceNo={race_no}&k_babaCode={track_code}
schedule:
- date: '2016-04-01'
  weekday: 金
- date: '2016-04-03'
  weekday: 日
- date: '2016-04-05'
  weekday: 火
- date: '2016-04-10'
  weekday: 日
- date: '2016-04-12'
  weekday: 火
- date: '2016-04-18'
  weekday: 月
- date: '2016-04-19'
  weekday: 火
- date: '2016-04-24'
  weekday: 日
- date: '2016-04-26'
  weekday: 火
- date: '2016-05-01'
  weekday: 日
- date: '2016-05-03'
  weekday: 火
- date: '2016-05-08'
  weekday: 日
- date: '2016-05-10'
  weekday: 火
- date: '2016-05-15'
  weekday: 日
- date: '2016-05-17'
  weekday: 火
- date: '2016-05-22'
  weekday: 日
- date: '2016-05-24'
  weekday: 火
- date: '2016-05-29'
  weekday: 日
- date: '2016-05-31'
  weekday: 火
- date: '2016-06-05'
  weekday: 日
- date: '2016-06-07'
  weekday: 火
- date: '2016-06-12'
  weekday: 日
- date: '2016-06-14'
  weekday: 火
- date: '2016-06-19'
  weekday: 日
- date: '2016-06-21'
  weekday: 火
- date: '2016-06-26'
  weekday: 日
- date: '2016-06-28'
  weekday: 火
- date: '2016-07-03'
  weekday: 日
- date: '2016-07-05'
  weekday: 火
- date: '2016-07-10'
  weekday: 日
- date: '2016-07-12'
  weekday: 火
- date: '2016-07-17'
  weekday: 日
- date: '2016-07-19'
  weekday: 火
- date: '2016-07-24'
  weekday: 日
- date: '2016-07-26'
  weekday: 火
- date: '2016-07-31'
  weekday: 日
- date: '2016-08-02'
  weekday: 火
- date: '2016-08-09'
  weekday: 火
- date: '2016-08-14'
  weekday: 日
- date: '2016-08-16'
  weekday: 火
- date: '2016-08-21'
  weekday: 日
- date: '2016-08-23'
  weekday: 火
- date: '2016-08-28'
  weekday: 日
- date: '2016-08-30'
  weekday: 火
- date: '2016-09-04'
  weekday: 日
- date: '2016-09-06'
  weekday: 火
- date: '2016-09-11'
  weekday: 日
- date: '2016-09-13'
  weekday: 火
- date: '2016-09-18'
  weekday: 日
- date: '2016-09-20'
  weekday: 火
- date: '2016-09-25'
  weekday: 日
- date: '2016-09-27'
  weekday: 火
- date: '2016-10-02'
  weekday: 日
- date: '2016-10-04'
  weekday: 火
- date: '2016-10-09'
  weekday: 日
- date: '2016-10-11'
  weekday: 火
- date: '2016-10-16'
  weekday: 日
- date: '2016-10-18'
  weekday: 火
- date: '2016-10-23'
  weekday: 日
- date: '2016-10-25'
  weekday: 火
- date: '2016-10-30'
  weekday: 日
- date: '2016-11-01'
  weekday: 火
- date: '2016-11-06'
  weekday: 日
- date: '2016-11-08'
  weekday: 火
- date: '2016-11-13'
  weekday: 日
- date: '2016-11-15'
  weekday: 火
- date: '2016-11-20'
  weekday: 日
- date: '2016-11-22'
  weekday: 火
- date: '2016-11-27'
  weekday: 日
- date: '2016-11-29'
  weekday: 火
statistics:
  total_days: 70
  by_month:
    april: 9
    may: 10
    june: 8
    july: 9
    august: 8
    september: 8
    october: 9
    november: 9
  by_weekday:
    monday: 1
    tuesday: 35
    wednesday: 0
    thursday: 0
    friday: 1
    saturday: 0
    sunday: 33

