warning: The `tool.uv.dev-dependencies` field (used in `pyproject.toml`) is deprecated and will be removed in a future release; use `dependency-groups.dev` instead
2018年の開催日を取得中...
# 2018年 金沢競馬 開催スケジュール
# 取得日: 2025-11-10
# ソース: NAR公式サイト (https://www.keiba.go.jp/KeibaWeb)

year: 2018
track_name: 金沢競馬場
track_code: '22'
url_templates:
  race_list: https://www.keiba.go.jp/KeibaWeb/TodayRaceInfo/RaceList?k_raceDate={date}&k_babaCode={track_code}
  deba_table: https://www.keiba.go.jp/KeibaWeb/TodayRaceInfo/DebaTable?k_raceDate={date}&k_raceNo={race_no}&k_babaCode={track_code}
  result: https://www.keiba.go.jp/KeibaWeb/TodayRaceInfo/RaceMarkTable?k_raceDate={date}&k_raceNo={race_no}&k_babaCode={track_code}
schedule:
- date: '2018-04-01'
  weekday: 日
- date: '2018-04-03'
  weekday: 火
- date: '2018-04-08'
  weekday: 日
- date: '2018-04-10'
  weekday: 火
- date: '2018-04-15'
  weekday: 日
- date: '2018-04-17'
  weekday: 火
- date: '2018-04-22'
  weekday: 日
- date: '2018-04-24'
  weekday: 火
- date: '2018-04-29'
  weekday: 日
- date: '2018-05-01'
  weekday: 火
- date: '2018-05-06'
  weekday: 日
- date: '2018-05-08'
  weekday: 火
- date: '2018-05-13'
  weekday: 日
- date: '2018-05-15'
  weekday: 火
- date: '2018-05-20'
  weekday: 日
- date: '2018-05-22'
  weekday: 火
- date: '2018-05-27'
  weekday: 日
- date: '2018-05-29'
  weekday: 火
- date: '2018-06-03'
  weekday: 日
- date: '2018-06-05'
  weekday: 火
- date: '2018-06-10'
  weekday: 日
- date: '2018-06-12'
  weekday: 火
- date: '2018-06-17'
  weekday: 日
- date: '2018-06-19'
  weekday: 火
- date: '2018-06-24'
  weekday: 日
- date: '2018-06-26'
  weekday: 火
- date: '2018-07-01'
  weekday: 日
- date: '2018-07-03'
  weekday: 火
- date: '2018-07-08'
  weekday: 日
- date: '2018-07-10'
  weekday: 火
- date: '2018-07-15'
  weekday: 日
- date: '2018-07-17'
  weekday: 火
- date: '2018-07-22'
  weekday: 日
- date: '2018-07-24'
  weekday: 火
- date: '2018-07-29'
  weekday: 日
- date: '2018-07-31'
  weekday: 火
- date: '2018-08-05'
  weekday: 日
- date: '2018-08-07'
  weekday: 火
- date: '2018-08-09'
  weekday: 木
- date: '2018-08-14'
  weekday: 火
- date: '2018-08-19'
  weekday: 日
- date: '2018-08-21'
  weekday: 火
- date: '2018-08-26'
  weekday: 日
- date: '2018-08-28'
  weekday: 火
- date: '2018-09-02'
  weekday: 日
- date: '2018-09-05'
  weekday: 水
- date: '2018-09-09'
  weekday: 日
- date: '2018-09-11'
  weekday: 火
- date: '2018-09-16'
  weekday: 日
- date: '2018-09-18'
  weekday: 火
- date: '2018-09-23'
  weekday: 日
- date: '2018-09-25'
  weekday: 火
- date: '2018-09-30'
  weekday: 日
- date: '2018-10-02'
  weekday: 火
- date: '2018-10-07'
  weekday: 日
- date: '2018-10-09'
  weekday: 火
- date: '2018-10-14'
  weekday: 日
- date: '2018-10-16'
  weekday: 火
- date: '2018-10-21'
  weekday: 日
- date: '2018-10-23'
  weekday: 火
- date: '2018-10-28'
  weekday: 日
- date: '2018-10-30'
  weekday: 火
- date: '2018-11-04'
  weekday: 日
- date: '2018-11-06'
  weekday: 火
- date: '2018-11-11'
  weekday: 日
- date: '2018-11-13'
  weekday: 火
- date: '2018-11-18'
  weekday: 日
- date: '2018-11-20'
  weekday: 火
- date: '2018-11-25'
  weekday: 日
- date: '2018-11-27'
  weekday: 火
statistics:
  total_days: 70
  by_month:
    april: 9
    may: 9
    june: 8
    july: 10
    august: 8
    september: 9
    october: 9
    november: 8
  by_weekday:
    monday: 0
    tuesday: 34
    wednesday: 1
    thursday: 1
    friday: 0
    saturday: 0
    sunday: 34

