warning: The `tool.uv.dev-dependencies` field (used in `pyproject.toml`) is deprecated and will be removed in a future release; use `dependency-groups.dev` instead
2019年の開催日を取得中...
# 2019年 金沢競馬 開催スケジュール
# 取得日: 2025-11-10
# ソース: NAR公式サイト (https://www.keiba.go.jp/KeibaWeb)

year: 2019
track_name: 金沢競馬場
track_code: '22'
url_templates:
  race_list: https://www.keiba.go.jp/KeibaWeb/TodayRaceInfo/RaceList?k_raceDate={date}&k_babaCode={track_code}
  deba_table: https://www.keiba.go.jp/KeibaWeb/TodayRaceInfo/DebaTable?k_raceDate={date}&k_raceNo={race_no}&k_babaCode={track_code}
  result: https://www.keiba.go.jp/KeibaWeb/TodayRaceInfo/RaceMarkTable?k_raceDate={date}&k_raceNo={race_no}&k_babaCode={track_code}
schedule:
- date: '2019-04-01'
  weekday: 月
- date: '2019-04-02'
  weekday: 火
- date: '2019-04-03'
  weekday: 水
- date: '2019-04-09'
  weekday: 火
- date: '2019-04-14'
  weekday: 日
- date: '2019-04-16'
  weekday: 火
- date: '2019-04-21'
  weekday: 日
- date: '2019-04-23'
  weekday: 火
- date: '2019-04-28'
  weekday: 日
- date: '2019-04-30'
  weekday: 火
- date: '2019-05-05'
  weekday: 日
- date: '2019-05-06'
  weekday: 月
- date: '2019-05-12'
  weekday: 日
- date: '2019-05-14'
  weekday: 火
- date: '2019-05-19'
  weekday: 日
- date: '2019-05-21'
  weekday: 火
- date: '2019-05-26'
  weekday: 日
- date: '2019-05-28'
  weekday: 火
- date: '2019-06-02'
  weekday: 日
- date: '2019-06-04'
  weekday: 火
- date: '2019-06-09'
  weekday: 日
- date: '2019-06-11'
  weekday: 火
- date: '2019-06-16'
  weekday: 日
- date: '2019-06-18'
  weekday: 火
- date: '2019-06-23'
  weekday: 日
- date: '2019-06-25'
  weekday: 火
- date: '2019-06-30'
  weekday: 日
- date: '2019-07-02'
  weekday: 火
- date: '2019-07-07'
  weekday: 日
- date: '2019-07-09'
  weekday: 火
- date: '2019-07-14'
  weekday: 日
- date: '2019-07-16'
  weekday: 火
- date: '2019-07-21'
  weekday: 日
- date: '2019-07-23'
  weekday: 火
- date: '2019-07-28'
  weekday: 日
- date: '2019-07-30'
  weekday: 火
- date: '2019-08-04'
  weekday: 日
- date: '2019-08-06'
  weekday: 火
- date: '2019-08-12'
  weekday: 月
- date: '2019-08-13'
  weekday: 火
- date: '2019-08-18'
  weekday: 日
- date: '2019-08-20'
  weekday: 火
- date: '2019-08-25'
  weekday: 日
- date: '2019-08-27'
  weekday: 火
- date: '2019-09-01'
  weekday: 日
- date: '2019-09-03'
  weekday: 火
- date: '2019-09-08'
  weekday: 日
- date: '2019-09-10'
  weekday: 火
- date: '2019-09-15'
  weekday: 日
- date: '2019-09-17'
  weekday: 火
- date: '2019-09-23'
  weekday: 月
- date: '2019-09-24'
  weekday: 火
- date: '2019-09-25'
  weekday: 水
- date: '2019-09-29'
  weekday: 日
- date: '2019-10-01'
  weekday: 火
- date: '2019-10-08'
  weekday: 火
- date: '2019-10-09'
  weekday: 水
- date: '2019-10-14'
  weekday: 月
- date: '2019-10-15'
  weekday: 火
- date: '2019-10-20'
  weekday: 日
- date: '2019-10-22'
  weekday: 火
- date: '2019-10-27'
  weekday: 日
- date: '2019-10-29'
  weekday: 火
- date: '2019-11-03'
  weekday: 日
- date: '2019-11-05'
  weekday: 火
- date: '2019-11-10'
  weekday: 日
- date: '2019-11-11'
  weekday: 月
- date: '2019-11-12'
  weekday: 火
- date: '2019-11-18'
  weekday: 月
- date: '2019-11-19'
  weekday: 火
- date: '2019-11-24'
  weekday: 日
- date: '2019-11-26'
  weekday: 火
statistics:
  total_days: 72
  by_month:
    april: 10
    may: 8
    june: 9
    july: 9
    august: 8
    september: 10
    october: 9
    november: 9
  by_weekday:
    monday: 7
    tuesday: 34
    wednesday: 3
    thursday: 0
    friday: 0
    saturday: 0
    sunday: 28

