# 2020年 金沢競馬 開催スケジュール
# 取得日: 2025-11-10
# ソース: NAR公式サイト (https://www.keiba.go.jp/KeibaWeb)

year: 2020
track_name: 金沢競馬場
track_code: '22'
url_templates:
  race_list: https://www.keiba.go.jp/KeibaWeb/TodayRaceInfo/RaceList?k_raceDate={date}&k_babaCode={track_code}
  deba_table: https://www.keiba.go.jp/KeibaWeb/TodayRaceInfo/DebaTable?k_raceDate={date}&k_raceNo={race_no}&k_babaCode={track_code}
  result: https://www.keiba.go.jp/KeibaWeb/TodayRaceInfo/RaceMarkTable?k_raceDate={date}&k_raceNo={race_no}&k_babaCode={track_code}
schedule:
- date: '2020-04-05'
  weekday: 日
- date: '2020-04-07'
  weekday: 火
- date: '2020-04-13'
  weekday: 月
- date: '2020-04-14'
  weekday: 火
- date: '2020-04-19'
  weekday: 日
- date: '2020-04-21'
  weekday: 火
- date: '2020-04-28'
  weekday: 火
- date: '2020-04-29'
  weekday: 水
- date: '2020-05-04'
  weekday: 月
- date: '2020-05-05'
  weekday: 火
- date: '2020-05-10'
  weekday: 日
- date: '2020-05-12'
  weekday: 火
- date: '2020-05-17'
  weekday: 日
- date: '2020-05-19'
  weekday: 火
- date: '2020-05-24'
  weekday: 日
- date: '2020-05-26'
  weekday: 火
- date: '2020-05-31'
  weekday: 日
- date: '2020-06-02'
  weekday: 火
- date: '2020-06-07'
  weekday: 日
- date: '2020-06-09'
  weekday: 火
- date: '2020-06-14'
  weekday: 日
- date: '2020-06-16'
  weekday: 火
- date: '2020-06-21'
  weekday: 日
- date: '2020-06-23'
  weekday: 火
- date: '2020-06-28'
  weekday: 日
- date: '2020-06-30'
  weekday: 火
- date: '2020-07-05'
  weekday: 日
- date: '2020-07-07'
  weekday: 火
- date: '2020-07-12'
  weekday: 日
- date: '2020-07-14'
  weekday: 火
- date: '2020-07-20'
  weekday: 月
- date: '2020-07-21'
  weekday: 火
- date: '2020-07-26'
  weekday: 日
- date: '2020-07-28'
  weekday: 火
- date: '2020-08-02'
  weekday: 日
- date: '2020-08-04'
  weekday: 火
- date: '2020-08-10'
  weekday: 月
- date: '2020-08-11'
  weekday: 火
- date: '2020-08-16'
  weekday: 日
- date: '2020-08-18'
  weekday: 火
- date: '2020-08-23'
  weekday: 日
- date: '2020-08-25'
  weekday: 火
- date: '2020-08-30'
  weekday: 日
- date: '2020-09-01'
  weekday: 火
- date: '2020-09-06'
  weekday: 日
- date: '2020-09-08'
  weekday: 火
- date: '2020-09-13'
  weekday: 日
- date: '2020-09-15'
  weekday: 火
- date: '2020-09-20'
  weekday: 日
- date: '2020-09-22'
  weekday: 火
- date: '2020-09-27'
  weekday: 日
- date: '2020-09-29'
  weekday: 火
- date: '2020-10-04'
  weekday: 日
- date: '2020-10-06'
  weekday: 火
- date: '2020-10-11'
  weekday: 日
- date: '2020-10-13'
  weekday: 火
- date: '2020-10-18'
  weekday: 日
- date: '2020-10-20'
  weekday: 火
- date: '2020-10-25'
  weekday: 日
- date: '2020-10-27'
  weekday: 火
- date: '2020-11-01'
  weekday: 日
- date: '2020-11-02'
  weekday: 月
- date: '2020-11-08'
  weekday: 日
- date: '2020-11-10'
  weekday: 火
- date: '2020-11-15'
  weekday: 日
- date: '2020-11-16'
  weekday: 月
- date: '2020-11-17'
  weekday: 火
- date: '2020-11-22'
  weekday: 日
- date: '2020-11-24'
  weekday: 火
- date: '2020-11-29'
  weekday: 日
- date: '2020-11-30'
  weekday: 月
statistics:
  total_days: 71
  by_month:
    april: 8
    may: 9
    june: 9
    july: 8
    august: 9
    september: 9
    october: 8
    november: 11
  by_weekday:
    monday: 7
    tuesday: 33
    wednesday: 1
    thursday: 0
    friday: 0
    saturday: 0
    sunday: 30

