warning: The `tool.uv.dev-dependencies` field (used in `pyproject.toml`) is deprecated and will be removed in a future release; use `dependency-groups.dev` instead
2021年の開催日を取得中...
# 2021年 金沢競馬 開催スケジュール
# 取得日: 2025-11-10
# ソース: NAR公式サイト (https://www.keiba.go.jp/KeibaWeb)

year: 2021
track_name: 金沢競馬場
track_code: '22'
url_templates:
  race_list: https://www.keiba.go.jp/KeibaWeb/TodayRaceInfo/RaceList?k_raceDate={date}&k_babaCode={track_code}
  deba_table: https://www.keiba.go.jp/KeibaWeb/TodayRaceInfo/DebaTable?k_raceDate={date}&k_raceNo={race_no}&k_babaCode={track_code}
  result: https://www.keiba.go.jp/KeibaWeb/TodayRaceInfo/RaceMarkTable?k_raceDate={date}&k_raceNo={race_no}&k_babaCode={track_code}
schedule:
- date: '2021-04-04'
  weekday: 日
- date: '2021-04-06'
  weekday: 火
- date: '2021-04-11'
  weekday: 日
- date: '2021-04-13'
  weekday: 火
- date: '2021-04-18'
  weekday: 日
- date: '2021-04-20'
  weekday: 火
- date: '2021-04-25'
  weekday: 日
- date: '2021-04-27'
  weekday: 火
- date: '2021-05-02'
  weekday: 日
- date: '2021-05-03'
  weekday: 月
- date: '2021-05-04'
  weekday: 火
- date: '2021-05-05'
  weekday: 水
- date: '2021-05-10'
  weekday: 月
- date: '2021-05-11'
  weekday: 火
- date: '2021-05-16'
  weekday: 日
- date: '2021-05-18'
  weekday: 火
- date: '2021-05-23'
  weekday: 日
- date: '2021-05-25'
  weekday: 火
- date: '2021-05-30'
  weekday: 日
- date: '2021-06-01'
  weekday: 火
- date: '2021-06-06'
  weekday: 日
- date: '2021-06-08'
  weekday: 火
- date: '2021-06-13'
  weekday: 日
- date: '2021-06-15'
  weekday: 火
- date: '2021-06-20'
  weekday: 日
- date: '2021-06-22'
  weekday: 火
- date: '2021-06-27'
  weekday: 日
- date: '2021-06-29'
  weekday: 火
- date: '2021-07-04'
  weekday: 日
- date: '2021-07-06'
  weekday: 火
- date: '2021-07-11'
  weekday: 日
- date: '2021-07-13'
  weekday: 火
- date: '2021-07-18'
  weekday: 日
- date: '2021-07-20'
  weekday: 火
- date: '2021-07-25'
  weekday: 日
- date: '2021-07-27'
  weekday: 火
- date: '2021-08-01'
  weekday: 日
- date: '2021-08-15'
  weekday: 日
- date: '2021-08-17'
  weekday: 火
- date: '2021-08-22'
  weekday: 日
- date: '2021-08-24'
  weekday: 火
- date: '2021-08-29'
  weekday: 日
- date: '2021-08-31'
  weekday: 火
- date: '2021-09-05'
  weekday: 日
- date: '2021-09-07'
  weekday: 火
- date: '2021-09-12'
  weekday: 日
- date: '2021-09-14'
  weekday: 火
- date: '2021-09-21'
  weekday: 火
- date: '2021-09-22'
  weekday: 水
- date: '2021-09-23'
  weekday: 木
- date: '2021-09-28'
  weekday: 火
- date: '2021-09-29'
  weekday: 水
- date: '2021-10-04'
  weekday: 月
- date: '2021-10-05'
  weekday: 火
- date: '2021-10-11'
  weekday: 月
- date: '2021-10-12'
  weekday: 火
- date: '2021-10-17'
  weekday: 日
- date: '2021-10-19'
  weekday: 火
- date: '2021-10-24'
  weekday: 日
- date: '2021-10-26'
  weekday: 火
- date: '2021-10-31'
  weekday: 日
- date: '2021-11-01'
  weekday: 月
- date: '2021-11-03'
  weekday: 水
- date: '2021-11-08'
  weekday: 月
- date: '2021-11-09'
  weekday: 火
- date: '2021-11-14'
  weekday: 日
- date: '2021-11-15'
  weekday: 月
- date: '2021-11-16'
  weekday: 火
- date: '2021-11-21'
  weekday: 日
- date: '2021-11-23'
  weekday: 火
- date: '2021-11-28'
  weekday: 日
- date: '2021-11-29'
  weekday: 月
- date: '2021-11-30'
  weekday: 火
statistics:
  total_days: 73
  by_month:
    april: 8
    may: 11
    june: 9
    july: 8
    august: 7
    september: 9
    october: 9
    november: 12
  by_weekday:
    monday: 8
    tuesday: 32
    wednesday: 4
    thursday: 1
    friday: 0
    saturday: 0
    sunday: 28

