# 2022年 金沢競馬 開催スケジュール
# 取得日: 2025-11-10
# ソース: NAR公式サイト (https://www.keiba.go.jp/KeibaWeb)

year: 2022
track_name: 金沢競馬場
track_code: '22'
url_templates:
  race_list: https://www.keiba.go.jp/KeibaWeb/TodayRaceInfo/RaceList?k_raceDate={date}&k_babaCode={track_code}
  deba_table: https://www.keiba.go.jp/KeibaWeb/TodayRaceInfo/DebaTable?k_raceDate={date}&k_raceNo={race_no}&k_babaCode={track_code}
  result: https://www.keiba.go.jp/KeibaWeb/TodayRaceInfo/RaceMarkTable?k_raceDate={date}&k_raceNo={race_no}&k_babaCode={track_code}
schedule:
- date: '2022-04-03'
  weekday: 日
- date: '2022-04-05'
  weekday: 火
- date: '2022-04-10'
  weekday: 日
- date: '2022-04-12'
  weekday: 火
- date: '2022-04-17'
  weekday: 日
- date: '2022-04-19'
  weekday: 火
- date: '2022-04-24'
  weekday: 日
- date: '2022-04-26'
  weekday: 火
- date: '2022-05-01'
  weekday: 日
- date: '2022-05-02'
  weekday: 月
- date: '2022-05-03'
  weekday: 火
- date: '2022-05-04'
  weekday: 水
- date: '2022-05-09'
  weekday: 月
- date: '2022-05-10'
  weekday: 火
- date: '2022-05-15'
  weekday: 日
- date: '2022-05-17'
  weekday: 火
- date: '2022-05-22'
  weekday: 日
- date: '2022-05-24'
  weekday: 火
- date: '2022-05-29'
  weekday: 日
- date: '2022-05-31'
  weekday: 火
- date: '2022-06-05'
  weekday: 日
- date: '2022-06-07'
  weekday: 火
- date: '2022-06-12'
  weekday: 日
- date: '2022-06-14'
  weekday: 火
- date: '2022-06-19'
  weekday: 日
- date: '2022-06-21'
  weekday: 火
- date: '2022-06-26'
  weekday: 日
- date: '2022-06-28'
  weekday: 火
- date: '2022-07-03'
  weekday: 日
- date: '2022-07-05'
  weekday: 火
- date: '2022-07-10'
  weekday: 日
- date: '2022-07-12'
  weekday: 火
- date: '2022-07-18'
  weekday: 月
- date: '2022-07-19'
  weekday: 火
- date: '2022-07-24'
  weekday: 日
- date: '2022-07-26'
  weekday: 火
- date: '2022-07-31'
  weekday: 日
- date: '2022-08-02'
  weekday: 火
- date: '2022-08-07'
  weekday: 日
- date: '2022-08-09'
  weekday: 火
- date: '2022-08-14'
  weekday: 日
- date: '2022-08-16'
  weekday: 火
- date: '2022-08-21'
  weekday: 日
- date: '2022-08-23'
  weekday: 火
- date: '2022-08-28'
  weekday: 日
- date: '2022-08-30'
  weekday: 火
- date: '2022-09-04'
  weekday: 日
- date: '2022-09-06'
  weekday: 火
- date: '2022-09-11'
  weekday: 日
- date: '2022-09-13'
  weekday: 火
- date: '2022-09-19'
  weekday: 月
- date: '2022-09-20'
  weekday: 火
- date: '2022-09-25'
  weekday: 日
- date: '2022-09-27'
  weekday: 火
- date: '2022-10-02'
  weekday: 日
- date: '2022-10-04'
  weekday: 火
- date: '2022-10-10'
  weekday: 月
- date: '2022-10-11'
  weekday: 火
- date: '2022-10-16'
  weekday: 日
- date: '2022-10-18'
  weekday: 火
- date: '2022-10-23'
  weekday: 日
- date: '2022-10-25'
  weekday: 火
- date: '2022-10-30'
  weekday: 日
- date: '2022-11-01'
  weekday: 火
- date: '2022-11-07'
  weekday: 月
- date: '2022-11-08'
  weekday: 火
- date: '2022-11-13'
  weekday: 日
- date: '2022-11-15'
  weekday: 火
- date: '2022-11-20'
  weekday: 日
- date: '2022-11-22'
  weekday: 火
- date: '2022-11-27'
  weekday: 日
- date: '2022-11-28'
  weekday: 月
- date: '2022-11-29'
  weekday: 火
statistics:
  total_days: 73
  by_month:
    april: 8
    may: 12
    june: 8
    july: 9
    august: 9
    september: 8
    october: 9
    november: 10
  by_weekday:
    monday: 7
    tuesday: 35
    wednesday: 1
    thursday: 0
    friday: 0
    saturday: 0
    sunday: 30

