# 2023年 金沢競馬 開催スケジュール
# 取得日: 2025-11-10
# ソース: NAR公式サイト (https://www.keiba.go.jp/KeibaWeb)

year: 2023
track_name: 金沢競馬場
track_code: '22'
url_templates:
  race_list: https://www.keiba.go.jp/KeibaWeb/TodayRaceInfo/RaceList?k_raceDate={date}&k_babaCode={track_code}
  deba_table: https://www.keiba.go.jp/KeibaWeb/TodayRaceInfo/DebaTable?k_raceDate={date}&k_raceNo={race_no}&k_babaCode={track_code}
  result: https://www.keiba.go.jp/KeibaWeb/TodayRaceInfo/RaceMarkTable?k_raceDate={date}&k_raceNo={race_no}&k_babaCode={track_code}
schedule:
- date: '2023-04-02'
  weekday: 日
- date: '2023-04-04'
  weekday: 火
- date: '2023-04-09'
  weekday: 日
- date: '2023-04-11'
  weekday: 火
- date: '2023-04-17'
  weekday: 月
- date: '2023-04-18'
  weekday: 火
- date: '2023-04-23'
  weekday: 日
- date: '2023-04-25'
  weekday: 火
- date: '2023-05-01'
  weekday: 月
- date: '2023-05-02'
  weekday: 火
- date: '2023-05-07'
  weekday: 日
- date: '2023-05-09'
  weekday: 火
- date: '2023-05-14'
  weekday: 日
- date: '2023-05-16'
  weekday: 火
- date: '2023-05-21'
  weekday: 日
- date: '2023-05-23'
  weekday: 火
- date: '2023-05-28'
  weekday: 日
- date: '2023-05-30'
  weekday: 火
- date: '2023-06-04'
  weekday: 日
- date: '2023-06-06'
  weekday: 火
- date: '2023-06-11'
  weekday: 日
- date: '2023-06-13'
  weekday: 火
- date: '2023-06-18'
  weekday: 日
- date: '2023-06-20'
  weekday: 火
- date: '2023-06-25'
  weekday: 日
- date: '2023-06-27'
  weekday: 火
- date: '2023-07-03'
  weekday: 月
- date: '2023-07-04'
  weekday: 火
- date: '2023-07-09'
  weekday: 日
- date: '2023-07-11'
  weekday: 火
- date: '2023-07-16'
  weekday: 日
- date: '2023-07-18'
  weekday: 火
- date: '2023-07-24'
  weekday: 月
- date: '2023-07-25'
  weekday: 火
- date: '2023-07-30'
  weekday: 日
- date: '2023-08-01'
  weekday: 火
- date: '2023-08-06'
  weekday: 日
- date: '2023-08-08'
  weekday: 火
- date: '2023-08-14'
  weekday: 月
- date: '2023-08-15'
  weekday: 火
- date: '2023-08-21'
  weekday: 月
- date: '2023-08-22'
  weekday: 火
- date: '2023-08-27'
  weekday: 日
- date: '2023-08-29'
  weekday: 火
- date: '2023-09-03'
  weekday: 日
- date: '2023-09-05'
  weekday: 火
- date: '2023-09-10'
  weekday: 日
- date: '2023-09-11'
  weekday: 月
- date: '2023-09-16'
  weekday: 土
- date: '2023-09-19'
  weekday: 火
- date: '2023-09-24'
  weekday: 日
- date: '2023-09-26'
  weekday: 火
- date: '2023-10-02'
  weekday: 月
- date: '2023-10-03'
  weekday: 火
- date: '2023-10-08'
  weekday: 日
- date: '2023-10-10'
  weekday: 火
- date: '2023-10-15'
  weekday: 日
- date: '2023-10-17'
  weekday: 火
- date: '2023-10-22'
  weekday: 日
- date: '2023-10-24'
  weekday: 火
- date: '2023-10-30'
  weekday: 月
- date: '2023-10-31'
  weekday: 火
- date: '2023-11-05'
  weekday: 日
- date: '2023-11-07'
  weekday: 火
- date: '2023-11-12'
  weekday: 日
- date: '2023-11-14'
  weekday: 火
- date: '2023-11-19'
  weekday: 日
- date: '2023-11-20'
  weekday: 月
- date: '2023-11-21'
  weekday: 火
- date: '2023-11-26'
  weekday: 日
- date: '2023-11-28'
  weekday: 火
statistics:
  total_days: 71
  by_month:
    april: 8
    may: 10
    june: 8
    july: 9
    august: 9
    september: 8
    october: 10
    november: 9
  by_weekday:
    monday: 10
    tuesday: 34
    wednesday: 0
    thursday: 0
    friday: 0
    saturday: 1
    sunday: 26

