# 2024年 金沢競馬 開催スケジュール
# 取得日: 2025-11-10
# ソース: NAR公式サイト (https://www.keiba.go.jp/KeibaWeb)

year: 2024
track_name: "金沢競馬場"
track_code: "22"

# URL templates
url_templates:
  race_list: "https://www.keiba.go.jp/KeibaWeb/TodayRaceInfo/RaceList?k_raceDate={date}&k_babaCode={track_code}"
  deba_table: "https://www.keiba.go.jp/KeibaWeb/TodayRaceInfo/DebaTable?k_raceDate={date}&k_raceNo={race_no}&k_babaCode={track_code}"
  result: "https://www.keiba.go.jp/KeibaWeb/TodayRaceInfo/RaceMarkTable?k_raceDate={date}&k_raceNo={race_no}&k_babaCode={track_code}"

schedule:
  - date: "2024-04-02"
    weekday: "火"
  - date: "2024-04-03"
    weekday: "水"
  - date: "2024-04-08"
    weekday: "月"
  - date: "2024-04-09"
    weekday: "火"
  - date: "2024-04-15"
    weekday: "月"
  - date: "2024-04-16"
    weekday: "火"
  - date: "2024-04-21"
    weekday: "日"
  - date: "2024-04-23"
    weekday: "火"
  - date: "2024-04-28"
    weekday: "日"
  - date: "2024-04-30"
    weekday: "火"
  - date: "2024-05-04"
    weekday: "土"
  - date: "2024-05-06"
    weekday: "月"
  - date: "2024-05-12"
    weekday: "日"
  - date: "2024-05-14"
    weekday: "火"
  - date: "2024-05-19"
    weekday: "日"
  - date: "2024-05-21"
    weekday: "火"
  - date: "2024-05-27"
    weekday: "月"
  - date: "2024-05-28"
    weekday: "火"
  - date: "2024-06-02"
    weekday: "日"
  - date: "2024-06-04"
    weekday: "火"
  - date: "2024-06-09"
    weekday: "日"
  - date: "2024-06-11"
    weekday: "火"
  - date: "2024-06-15"
    weekday: "土"
  - date: "2024-06-18"
    weekday: "火"
  - date: "2024-06-23"
    weekday: "日"
  - date: "2024-06-24"
    weekday: "月"
  - date: "2024-07-01"
    weekday: "月"
  - date: "2024-07-02"
    weekday: "火"
  - date: "2024-07-07"
    weekday: "日"
  - date: "2024-07-09"
    weekday: "火"
  - date: "2024-07-13"
    weekday: "土"
  - date: "2024-07-15"
    weekday: "月"
  - date: "2024-07-22"
    weekday: "月"
  - date: "2024-07-23"
    weekday: "火"
  - date: "2024-07-28"
    weekday: "日"
  - date: "2024-07-30"
    weekday: "火"
  - date: "2024-08-05"
    weekday: "月"
  - date: "2024-08-06"
    weekday: "火"
  - date: "2024-08-11"
    weekday: "日"
  - date: "2024-08-12"
    weekday: "月"
  - date: "2024-08-18"
    weekday: "日"
  - date: "2024-08-20"
    weekday: "火"
  - date: "2024-08-25"
    weekday: "日"
  - date: "2024-08-27"
    weekday: "火"
  - date: "2024-09-01"
    weekday: "日"
  - date: "2024-09-03"
    weekday: "火"
  - date: "2024-09-07"
    weekday: "土"
  - date: "2024-09-10"
    weekday: "火"
  - date: "2024-09-15"
    weekday: "日"
  - date: "2024-09-17"
    weekday: "火"
  - date: "2024-09-21"
    weekday: "土"
  - date: "2024-09-23"
    weekday: "月"
  - date: "2024-09-30"
    weekday: "月"
  - date: "2024-10-01"
    weekday: "火"
  - date: "2024-10-05"
    weekday: "土"
  - date: "2024-10-08"
    weekday: "火"
  - date: "2024-10-13"
    weekday: "日"
  - date: "2024-10-15"
    weekday: "火"
  - date: "2024-10-20"
    weekday: "日"
  - date: "2024-10-21"
    weekday: "月"
  - date: "2024-10-22"
    weekday: "火"
  - date: "2024-10-27"
    weekday: "日"
  - date: "2024-10-29"
    weekday: "火"
  - date: "2024-11-02"
    weekday: "土"
  - date: "2024-11-03"
    weekday: "日"
  - date: "2024-11-05"
    weekday: "火"
  - date: "2024-11-10"
    weekday: "日"
  - date: "2024-11-12"
    weekday: "火"
  - date: "2024-11-17"
    weekday: "日"
  - date: "2024-11-18"
    weekday: "月"
  - date: "2024-11-19"
    weekday: "火"
  - date: "2024-11-24"
    weekday: "日"
  - date: "2024-11-26"
    weekday: "火"

statistics:
  total_days: 73
  by_month:
    april: 10
    may: 8
    june: 8
    july: 10
    august: 8
    september: 9
    october: 10
    november: 10
  by_weekday:
    monday: 14
    tuesday: 30
    wednesday: 1
    thursday: 0
    friday: 0
    saturday: 7
    sunday: 21
